Word,Score
HH AA N OW V EY K AH ,0
JH IH TH AH V ER SH IY ,0
AA N F IH G N EH JH ,0
ER IH V EH R P AW D ,0
S OW N AW D R OW K ,0
AE D IY K EH T IH B ,0
S OY S AA N AA S UW ,0
P IH M EH D IY V ER ,0
TH IY AE R B ER IH F ,0
F AH K AE T AH SH AH ,0
M EH L OW P AA R N ,0
S AH L IY D AH P EY ,0
L AY ER N OW D AA JH ,0
AA D AY K EH V AA S ,0
ER P S P EH M F UW ,2.434
OW S P R SH AH D AE ,2.382
G AH K T M AH JH IY ,0
ER AO L UW K M AE Z ,2.423
CH AH NG K AH B EH T ,0
B UW K W AA D AH JH ,0
IH G OY IH T AH K AW ,0
R UW N CH IY AH M AH ,0
W AH B OW HH EY B S ,5.472
ER AY B N UH L IY DH ,2.412
Y UW D IH V IY EH M ,0
W EH G UW Z N AE R ,2.163
AA M IY S L ER AE R ,0
P R JH IY OW T IH N ,0
OW L OW SH IY D AA M ,0
EY L F IH L ER OY Z ,0
F EH F IH D AE ZH ER ,0
P R B R JH EY S OW ,2.152
DH IH P AE CH AH S AH ,0
AE P IY L K SH IY OW ,0
N OY N K S K M ER ,0
DH IY S IY M R AE CH ,2.74
NG K L OW G OW L OY ,0
CH EH N OW B S P S ,0
T EH Z IY B Y AE L ,0
CH AA Z AY S K IY CH ,0
EH V R K UW F L CH ,0
TH R D IH Z AY R AH ,0
P AY Z OW S K AH L ,2.367
HH IY K OY AE K IY N ,0
CH AY B UW L CH UH L ,2.562
M ER AE K AH L IH D ,0
L AA R UW EH N AE G ,0
G UW Z L AO L OY K ,0
T UW M IY SH AE D EY ,0
AH N AE G IH K ER OY ,0
N IH S N UH D AO R ,0
HH OW B OY D AY B ER ,0
AH P UW K IH L K UW ,0
AE K CH ER TH IY M ER ,0
JH OY K T AA P OY TH ,3.29
AE G UW G AH G IY CH ,0
W EH G AH TH IH B EY ,0
IH S AY T AH B AY ER ,0
HH IH R S HH IY K OY ,3.209
L UH R JH EH D AH G ,0
P R EY N Y ER B AY ,0
S L JH IH K OY IH NG ,0
IY M ER N OW D EY G ,0
D IH M Y EH M EH V ,0
ER AY JH ER N CH UH D ,0
B L M N OW S IY CH ,2.74
R IH B AW N AW R S ,0
IH K AY B UW G AE SH ,2.459
G AW D OW AE L EY DH ,4.415
ER B AE ZH EH N EH G ,2.871
AY S EH TH EH L EY M ,0
AH B IY ER N AH D ER ,0
AE JH IY V IY JH IY N ,0
DH EH S AY K OW M AY ,2.983
B OY N F UW G AH NG ,2.434
ER IY EY M IH B IH NG ,0
P Y UW M EY D AE SH ,0
Z EH R L ER P EH V ,0
ER IY P AW ER M IH R ,0
CH AA S L D OW SH AO ,5.704
T AE JH ER D AA JH IY ,0
HH IY N ER T AO L CH ,0
B ER T EY SH ER JH OY ,0
IH M AH SH EH ZH AH S ,0
P AY JH OY L AA G AW ,0
CH EH JH AH TH IY S K ,0
D AE D IY AO S EY G ,2.277
EH S N R L EH M OW ,2.74
AA S AH JH EH N ER M ,0
D R M S AA K AA D ,2.607
M ER N AE D AO N TH ,0
R UW IH R AW R T AE ,0
R UW L AA CH ER V EY ,0
CH AE DH IY S L EH B ,0
F W IY L EH D UH T ,5.396
W OW B AO S N T S ,2.381
ER N UW IH T ER EY G ,0
IY F R AE N K L AE ,0
K L OW N AW N F OY ,0
AO S AO N AY K AA R ,0
P AE D AA M T AA B ,2.607
EY N D UW P AA M IY ,0
AH S OW B S K IH Z ,0
B UW V R AW AH F EY ,0
D OW G IH R V EY N ,1.909
F ER IY DH ER IY N UW ,0
AH N TH R K L SH AE ,0
IH R AA K IY N AY K ,0
N IY D L AA JH IH F ,0
JH AA SH UH G L IY ER ,0
AH JH AE D UW IH B OY ,0
N AW N IY K AO L EY ,0
P AY K M EY T IY M ,0
P R AY N ER V IY P ,0
D IY T IY L M AW S ,0
V AY AE JH ER K L OY ,0
F ER IY EH F L OW Z ,0
AE T ER S W ER L OY ,0
AH K M AE N G OY ER ,0
B AO R EH B R G OW ,0
EH R L EY S L JH IY ,0
B ER L M OW L K ER ,0
L AO D L F OY AE T ,0
G AO B Y ER AY Z IY ,2.564
G AA K R S OY S AH ,0
IH N JH UW AH V OW G ,0
W ER L AW N OY S K ,0
AY S AE S UW IH L AE ,0
P IY AA D ER IH S AE ,0
W IY AA Z AE G AY Z ,2.459
G IH V AE CH IY S ER ,0
IY F T OW P OW P IY ,0
K R P L AW R SH ER ,0
D AH B AH F IH K IY ,0
P UH Z IH NG K OW S ,2.121
EH N Y AE F OY S AH ,0
S EH P T IY F OY K ,0
NG K AE L EH B EY L ,0
P IY OW P ER JH IH NG ,0
IY V Y AO R AA R M ,0
TH IY T AE K ER SH OW ,2.18
AE TH AA TH AH D AY R ,0
OW F AA R F OW L V ,2.429
ER EH V AY S F IY AH ,0
M AA P ER SH AH L AE ,0
AE B IY EH K R AH T ,0
P UW N AH V IY V AH ,0
G IH B UW EH D AE V ,0
HH OY T N G AH L V ,2.504
P AE N V IH B V IY ,1.721
NG K OY N S IH L M ,0
SH EH P ER P EY D IY ,0
P ER M AA L SH IY Z ,0
AH S AY B R AE L OY ,0
EH P L JH AA N AO NG ,0
B EH S EY P S AA S ,0
AE JH ER S L T R D ,0
P EY M AY AE DH AH JH ,0
M EY G OY L L ER CH ,2.74
B EH T AE K IH ZH ER ,0
D IY DH ER AY P R N ,0
Y UW D AH T M AH D ,0
AO S OW D AY D AE F ,0
L AW S ER K L AH JH ,0
K OW D V EH L S AE ,0
ER D M B R B AE ZH ,0
HH AW N G AE CH ER N ,0
B R P R IH L IH TH ,0
IH S L AW R UW K T ,0
EH D IY AA D L ER AH ,0
R IY T L T UW IY T ,4.81
EH L AY D AA B IY M ,0
T OW S M AO D IY CH ,0
JH UW S ER L AO G UW ,0
DH EH L ER G AH B AH ,0
AA S P AE N EH F T ,0
Z AY V ER AY P OW V ,0
ER F IY S EH M R AE ,2.74
ER N AA Z EH Z M ER ,0
W ER S AA TH IY G AE ,0
DH EH TH N AH CH UW K ,2.504
ER AE M P EH CH IH S ,0
IH S ER B L EY K AW ,0
AE P AY OW SH ER IH F ,2.281
Y ER IY G N SH IY N ,0
T EY G ER G OY IH T ,0
K OY AE B AH K R EY ,0
G AE F T IY JH IY D ,0
ER P AO D IY D ER AH ,0
DH IY B JH IY AH T UW ,0
K IH M AY AH T AA K ,0
DH IH TH R S W AE D ,0
F L V AH D L UW L ,0
B IY ER K AE V EH SH ,0
ER P EY L AA S IY CH ,0
OW G UW N UW B AE Z ,2.568
HH UW IH JH EH L T ER ,0
T UW EH Z EH M EH T ,0
D UH D R K CH IH M ,0
Z IH L T IY DH EH F ,0
AH CH EH Z AA M EH SH ,0
EY AA L AY B S K T ,4.076
P AY K L IH B ER TH ,0
B AA M IY Z L ER V ,0
AA B AO P TH W OW P ,8.09
P UH K EH T AY B AE ,0
IH NG K AA CH UW G IY ,0
F IY G AE B EH B AW ,0
TH UW F AE SH IY AH D ,2.325
G EH D R EY S N OW ,0
V AY K T AY R T OW ,0
CH AA F EY L S EY OW ,2.092
AA B AE TH IH TH AE T ,3.101
S OW M F EH TH IY K ,0
T AE DH AH D M AA B ,0
AE T AE R V IH B AW ,1.909
G ER N AE N D EH CH ,0
K IY Z IH S TH EH V ,2.337
W IY B IY EH M ER AY ,2.567
AE G L SH IY K ER OY ,0
EH P UW L IH Z EY Z ,0
S OY AH S AA JH UH R ,0
K ER F EY W OW L EY ,3.161
F ER AH P R B ER IY ,0
L EH R UW G D AA N ,3.383
AA R B IY ER AA P OY ,0
IH K OY K IY V EH T ,0
EH B IY OW SH AA S AH ,0
D IY ER SH AA D AY P ,0
IY V EY N ER S AY P ,0
Y EH G AE D ER D ER ,0
S M EY D OW V IY M ,0
OW N IH S AH P AO T ,0
T IH TH EH G AE DH IY ,0
ER B AW AH M P IH NG ,0
IY M AY ER S M AH K ,0
D UW EH T ER M IH M ,0
AY T IY G OW P L AE ,0
OW M F IH K AW N OW ,0
S L K N EH D R N ,0
L AY R F IH L EH F ,0
T IY V AO L JH OY D ,0
EY K SH UW L V AA Z ,2.194
CH EH N IY EH N ER IY ,0
T OW T OW N ER F ER ,0
AE NG G EH M V AE CH ,0
G IY S IY L AO N D ,0
B UW AH G EH TH IY G ,0
G ER OY ER S B L AW ,4.754
ER N TH ER EY K EH N ,0
OW K AA SH AE TH R OY ,2.568
AH K L K AH Z IY R ,2.417
V ER S W ER JH ER TH ,0
L IH R B IY AH N S ,0
HH IH K CH ER AW S AE ,2.423
K ER JH UW B AH P UW ,0
V ER AY K EH JH EH S ,0
B ER EH TH EH DH IY V ,0
HH IH D L EH JH AA B ,0
B AE D R AH K M IY ,0
AH N CH AA F AA T AW ,2.552
F L EY S IH CH EH G ,0
JH OY K W AE SH IH DH ,0
EH S M AE V EY D ER ,0
IH K AA R M UW Y ER ,4.737
W IY EY N S CH UH K ,0
P R OW D AH D AO R ,0
S EY B EH P IY ER B ,0
EH M OW M OW B ER M ,0
Z UW T R AW ER F ER ,1.952
SH UH K S L AW Z AH ,0
AE K M F AA G ER D ,0
G EY B AO G IY SH ER ,0
AO L D AW N AY P T ,0
ER IH ZH ER K M IY K ,0
L EH V EY JH UH G IY ,0
AE F Y ER IY L ER T ,0
ER EY SH IY AA JH EH R ,0
S T IY ER V IY AA Z ,0
JH AA SH K IY F AH TH ,4.383
T AA TH L G OY L CH ,0
L AA L T ER AH L JH ,0
M ER AE B OY ER OY K ,0
N EY K S IY N ER N ,0
B IH B IH G IY OW V ,0
OW P IH JH EY B IY S ,2.152
AO R OY S P AO T AW ,2.552
JH OY AH B S F IH Z ,0
R OW G AO S P AY T ,0
ER T EY Z EH L IH F ,0
HH EY S W OW K UW N ,0
T R EH K M AY F ER ,0
T EH P AH Z AY P UW ,0
B IH L AH CH IY OW N ,0
L OW D W AE R IH V ,2.361
IH K T UW K R IH B ,0
B Y AH N IH M P AY ,0
AH F AH K AH CH EY DH ,2.152
EH D HH Y ER P R M ,3.209
G Y ER TH IY K L V ,0
L OW Z AA B EH R TH ,0
AA S K AO R AA N D ,0
L IH T ER AH P IH S ,0
EH S K R B AH L D ,0
G L G AA V AH T IY ,0
ER EH T AY CH UW G EY ,2.467
D EY SH IH R IH L UW ,0
TH IY EH CH EH R EH B ,0
W OW SH UW N Z ER TH ,2.194
T EH DH EH P R UW F ,0
F IY G ER N Z EH TH ,0
AE D R EH G N EH N ,0
B IY AA N Z M AO D ,0
P R K OY AH G N AH ,0
M AW ER AY Z EH G AH ,0
F AE B OW B S AE T ,0
AA S AO T OW B ER T ,0
D R AY R OY T AH B ,0
G EH B UW V OY AH V ,1.952
ER OY AE K S K AE JH ,0
F EH Z P T R EH K ,4.62
W ER V AH N D AO S ,0
D ER IY G OW G AW Z ,0
HH UW ER G L Z AO T ,2.126
B L EH L IY L UH T ,2.54
K AA S K R S ER K ,0
G AE L EY S P AH K ,0
OW F EH T IH CH IH L ,2.429
HH IY CH ER ZH AH B AW ,2.126
D AE R ER S L AY P ,2.393
V AY K S AY L UW P ,0
HH EY M F AH S N ER ,0
AA L IH V IY T AO T ,0
B AY L AH S F IH JH ,0
P L S W IH V ER B ,0
TH ER K N ER AY AH F ,0
HH AE NG G IY V EH L ,0
EH M AH DH R K AH NG ,0
P R G Z AE T AY Z ,0
HH UW P AE K M OW G ,0
L AH G UW AA L AA JH ,2.323
N EY S T R D EY S ,0
ER P T UH R N Z IY ,0
R IY ER P AO L K Y ,4.897
W AO Z L D OW G AE ,2.121
TH R L IY F AA ZH AH ,1.816
P UW N T EY N IH NG ,0
AH T EY K UW T AY B ,0
HH AY B IY B S AY K ,0
D AH B UW S N AY P ,0
AA S EH G EH CH AH S ,0
F EY P UW T ER AY T ,0
DH AY ER S L SH ER L ,3.118
S IH V EY V AO L IY ,0
P IY G IY JH IY CH IY ,0
D AW D IY G N AH D ,0
P IY AH P UH G ER V ,0
SH AH L EY N EH K AH ,0
Z IH L JH UW SH AE P ,0
V AA B ER F EY P S ,0
HH OW S ER OY AE K OY ,0
Z AY M B R P R OY ,0
D AE Z AA G AO L JH ,0
K IY S ER AH V IH K ,0
AA M ER EH S EH R N ,0
EH P OY IH S AO K T ,0
OW B ER D AE N D OW ,0
IH G M P L JH OW M ,2.18
M ER AA P EY S N CH ,0
AH G L OW M IH N T ,0
DH IY G Z IY B EH R ,0
JH IY B AE L T AA TH ,0
T EY P IY AE JH AE T ,0
K ER F AA M F L UW ,0
S EY B HH UW S EY V ,3.209
D R P AO S ER L AH ,0
AE R B AY N OW L AY ,0
HH AO L UW IH K AA S ,0
ER M AE M IH M AO G ,0
L AA TH IY K SH AE K ,0
ER S IH B D IY L JH ,0
AE JH IY ER F AH K OY ,0
IH G IY N IY K AO NG ,0
HH AW L UH D AO S UW ,0
R IY B D IY N IY F ,0
EY K S F R OY ER JH ,0
AA K EH DH ER B EH L ,0
IY K CH AE TH ER AA N ,0
HH EH DH R AY L IY Z ,0
D R K EY N CH AH SH ,0
T OY T AY F AY L M ,0
N UH R M Y AH JH ER ,0
JH AE L IY B UW AH TH ,0
M IH G R G AH Z AH ,0
Y AA L G UW B OW Z ,0
AO S M EY S T AY F ,0
AE G AH K R B AE M ,0
N OY AH S N EY Z ,0
AO R AE K AO T EY ,0
S AH M IH CH AE B ,0
ER AH B AE B IH B ,0
EH D L IH M OW G ,0
AH B R AW R K UW ,0
P AY S AY R AE M ,0
NG K N D AO N D ,0
N AO G N G EY L ,0
NG K ER EH N AE G ,0
R OW W AY S AA NG ,6.793
CH AA K OW D AO F ,2.564
EH K ER K R F TH ,2.337
B R K IY L AW DH ,2.453
K L K ER CH AH NG ,0
AH TH AH Z EH K UW ,0
AA TH L UW D R AW ,0
S K OY R F OY T ,3.891
IH S T AA Z AH F ,0
F EH K R T UW Z ,0
HH W AY Z AH B ER ,0
P IH DH IY N EH S ,0
N OW S AA G L IY ,0
EH T ER IY OW T OW ,0
W ER P IH JH EY V ,2.152
F EY G EY D AH L ,0
AO R AA TH L UW T ,0
HH AO R F AE R D ,0
IH T EH K T EY K ,0
R IY B EH R M OW ,0
ER L AH L IH CH IY ,0
IY K Z IY T ER V ,2.787
K EH NG G IY D OW ,1.747
ER EH TH R UW K OY ,0
IH R L EH JH IH CH ,0
M ER EH F AH L UW ,0
V AE L IY T UW M ,0
F ER N EY T AE B ,0
S EH T ER K IH B ,0
AA B IH R B AE V ,0
L EH K AW Z IH M ,0
F L SH ER IH S T ,0
Y EH N UW JH AE T ,2.117
V AY F L G IH N ,0
TH R UH L JH AA ZH ,1.816
TH ER D V AE L ER ,0
V AH CH EH P CH UW ,0
V ER D EH Z IY CH ,0
T W OW V AH F EY ,0
R UW L OY S OY D ,0
ER B AH K OW L JH ,0
G UW SH EH M IY CH ,0
IH K R P T AY AH ,0
L UH G UW T R UW ,0
K EY N AE G AO P ,2.564
AO TH L AY AE L OW ,2.453
F Y AE V EY L IY ,0
B EY SH ER N Y AH ,0
S W AY N IY ER G ,0
TH IH G AH L V IY ,0
T UW ER AH M IY Z ,0
EH M IH L IY S AE ,0
K L AE R AH P UW ,0
W OW D IY T L D ,2.111
AH L EH DH R S OW ,0
TH AH L AH F EH L ,0
CH AH D OW S UW D ,0
JH AH M ER AH M HH ,3.209
V AH V AA SH AE B ,0
K AW R EY M B OW ,0
S OW D UW N AO R ,0
M AY IY DH ER AE G ,2.885
AH P AA D AH K EY ,0
B AO K EY M AH K ,0
IH D EY T AA R AE ,0
IH G AA G R AY M ,0
SH IY EH TH ER K T ,0
OW AH CH IH ZH AH P ,3.762
IH S L F IY N AE ,3.078
S P UW SH ER L G ,4.437
N AW R IH SH IH DH ,0
T AO D M F IH N ,0
HH IH CH IH JH AH S ,0
Y UW V EH M IY B ,2.51
HH AY L OW K R AE ,0
B AY T AY N OW K ,0
V AY D V EH G EY ,0
IH K AW ER V ER D ,0
TH ER F AO K EY DH ,0
AH N JH AA Z L IY ,0
S AY R D AY K ER ,0
G IH N AH N UW Z ,0
G EH JH OY D OY L ,0
JH IH B AA Z EH D ,0
M AY F EY K ER K ,0
P R F D AA K AH ,4.754
JH AE T R AY AH S ,0
D IH JH ER CH EH M ,0
OW L JH AO N V AY ,0
D AH M Y AW N TH ,4.432
D AY S IY F T AE ,0
V AA D AE G AA R ,0
EH B ER AA Z AA G ,0
N AY M S W IH K ,2.607
HH UW Z AY F AY V ,0
B OY AE N Z L AY ,0
P L OW ZH AH G ER ,0
AO S AA R JH AA P ,0
IY K T UH R IH N ,0
SH ER M F IY ER K ,2.278
OW M IY ER L EY T ,0
IH R SH IY M AH K ,0
T OY ER L ER G UW ,0
DH OW V AO D HH ER ,10.777
ER TH M EY JH IY V ,2.325
F ER EH V OW N UW ,0
Y AE R EH S IY AH ,0
P EH P AA T AA V ,0
EY N P L S L AY ,2.526
S ER AY S L IY D ,0
AH G AA TH IH S IY ,0
W IH L AA D L UW ,0
M AA G R IY AH B ,0
CH ER P AE F Y UW ,0
SH UH D IH N AE JH ,0
P AH V AH M AH TH ,0
T AE G N ER OY Z ,0
EH T AY B UH R K ,0
M AA Z ER IY D AH ,0
JH ER P IY K T OW ,0
M EH JH IY G IH V ,0
TH R CH AA P IH T ,0
ER S ER N S AE NG ,0
IH S AH SH IY S ER ,0
TH ER AO D OY N ER ,2.423
ER AH SH IH Z AH TH ,0
ER IY V AE G W AH ,0
AA T OY AE F AY F ,2.689
ER B AE CH UW D AE ,0
EH F OY T AY L JH ,0
SH IY V R CH UW K ,0
M IY JH AA K OY T ,0
S AA G AH S AE P ,0
B L G AA G AH D ,0
ER AA K T IY ER T ,0
R AW T OY S AH F ,0
T ER P ER DH EY DH ,5.024
EH D AO T IY JH OY ,0
EH T R AA L AA G ,0
D OY L K SH IY AH ,0
AY L K UW N T OW ,2.321
V AY AH S AH K S ,0
AO D R AW N OW K ,1.938
AH V IH S N IY ER ,0
N AH G OW K R M ,0
ER SH AY ER M EH TH ,2.562
P R AW ER OY ER D ,0
G R OW B AE L AW ,0
B IH R AH V AH T ,0
AA NG T UW AH G OY ,2.561
T AH F OW L AO T ,0
N UW T AH T OW L ,0
F EH ZH AH L IY P ,0
DH IH CH AE JH EH F ,0
M OW B OW V AA R ,0
W IH Z AO L K IY ,0
T UW P R OY N D ,0
F IY V AA JH AH CH ,0
DH IH S OY T IH P ,0
EH T UW AH K OY T ,0
R OY ER M IY EY V ,0
V AY B AH Z AA V ,0
AA S AY JH AH T AH ,0
IH G IH B AO L AE ,0
B AH S F R IY CH ,0
AE R M AW S OY ER ,0
CH IH D EY T AA D ,0
W OW P AE JH AA N ,0
Z AY L EH T IY D ,0
JH AA TH IH P AO L ,0
HH IY M B L AH T ,0
F UW EH K R IH V ,2.434
L AW L S F EY JH ,0
S K AH K SH EH JH ,0
V AY S M ER B OW ,0
AE M AA D AY L AH ,0
Y UW SH AA L EH JH ,0
AO R G AH CH ER JH ,0
T IY EY P CH IY OW ,0
S IH R B AE B IY ,0
R OW M EH SH IH DH ,0
EH N T AO T EH P ,0
R UH SH ER K ER B ,0
IH N F Y AO L IY ,0
Z AE B N AA DH IY ,4.592
G L K AE L IH DH ,0
S T R IH N EH B ,0
HH UW K IY S AY F ,0
R AE L K W IY M ,0
K IY L IH DH R TH ,0
JH ER EH N F R K ,0
AE G AW N B D IY ,4.028
D OY IH L AY AE G ,0
NG K W IH V IY OW ,0
M AY S L N V ER ,2.74
N AA G AE V AE F ,0
S M P L IH P AE ,0
F L T R G OW V ,0
B UH R AY B AA L ,0
IH T W ER AY K EY ,0
V AE CH AE S L F ,0
HH ER AA R SH IY CH ,0
D EH SH AE S OW Z ,0
JH AO K ER G UW M ,0
Y EH SH AH F EY Z ,0
G R L ER EY N JH ,0
AO R AY AH B EH R ,0
F L P ER AW N S ,4.949
F OW V ER F L ER ,0
T AA G OW P UW P ,0
AH S AE K AH V AO ,3.635
G OW P L AY F AH ,2.064
AY S T AH K L EY ,0
HH OW P Y IY AH CH ,2.154
SH AE T IY JH EH M ,0
JH IH R EH F ER N ,0
N AW ER G AH D OW ,0
IH N CH AA Z ER ER ,3.306
EY K AO G AA L AE ,0
S M V AY S L OW ,0
AA F R EH B UH D ,0
V AE F OY T AE SH ,0
S EY K AE L OY Z ,0
Z AY T IH T AO N ,0
EY N IY N ER B AE ,0
AY D ER JH OY N JH ,0
T IY D IY ER AA N ,0
T OW K AO G IY JH ,0
G EH N UW K SH ER ,0
F EH CH IY Z AA N ,0
G IH N IH D AO K ,0
V AH M AH S ER S ,0
AA P L EH K ER V ,0
T AE N EY T ER IY ,0
G Y AE S T IH DH ,0
DH IY B OY T IH T ,0
AE CH ER T UW K OW ,2.557
S AY L AH F OW M ,0
K AO R CH IH R B ,0
ER S P ER F AE R ,0
P AY T AA F OY L ,0
IH M EH N AE T UW ,0
AA D AA CH IY EH D ,0
W ER T AO L F ER ,0
AE T AY AE B OY N ,0
JH UW K R EY IH B ,2.092
AA S M AH CH AA JH ,0
CH IY SH AE T UW TH ,2.453
S AO N TH ER IH D ,0
SH AH JH ER S ER CH ,0
W AH V IH N IH G ,0
T W ER D V R CH ,0
M AE F EH ZH ER T ,0
AH G AH K AE G AH ,0
R EY L V ER M T ,2.607
W IH M EY V EH R ,0
N UW N AE Z IH V ,0
IH R CH IY D IH G ,0
P AW R N F OY N ,0
IY K Y AH B R IY ,0
JH AA L S K IH T ,0
G EH D AE K N Z ,0
V AE D R P AW T ,0
AH N UW M B UH SH ,0
EH NG G N AY ER S ,1.747
S UW L ER B AO T ,0
EH P S IY S IY AH ,0
EY P OY ER EY S T ,1.938
P R K ER JH AE L ,0
HH UW AH N K L S ,0
EH G IH N UW P T ,0
W IY T OW K IY V ,0
M ER K OY AA P T ,2.544
HH AW Z IY N AE N ,0
M EH P R T AE DH ,0
HH EY D EY M TH ER ,5.06
D UH L B Y AH G ,2.526
HH W AO L G AA M ,0
AE Z L EH F IY V ,2.703
AA NG K AA B IH CH ,0
AO L OY L V OY K ,1.952
F OW P OY T EH K ,0
D IH M AO G R B ,0
D AW T R P UW Z ,0
SH AE P R IY N TH ,0
L AY B AE T N TH ,2.504
R AE JH UH L OW JH ,2.117
EY P AE D V ER OY ,1.938
IH V AY R G L M ,0
TH EH R K L AO D ,0
K IY F L AW L JH ,0
B L CH UW S AA SH ,0
F AH CH AA F AA B ,0
IH F EY S UW V EY ,0
P AW T UH D AE G ,0
TH AH M ER CH ER L ,0
G AA S K UW B S ,2.263
OW B D V Y AE DH ,0
S N AW Z ER M ER ,0
AE P AE HH AA G OY ,3.209
Z IH S AE R P ER ,0
P L AY ER CH AY D ,2.562
W ER S L JH IY V ,0
L AA V IY AA M P ,0
B L ER G R D AE ,0
D OW P T AH G UW ,0
AE V AH S EY P ER ,0
CH EH N G OW N D ,0
EH N T OY T AY M ,0
IH L Y EH R IY ER ,0
G W AE S OW V AH ,0
B AH B EH D AY S ,0
AH P OY AA L EY G ,2.544
G L UW SH EH SH AE ,0
G AO S L IY Z IY ,0
Y ER S EY Z AE K ,0
SH IY EH N AH DH ER ,0
D ER AE T OY K ER ,0
AH T W OW L OW DH ,2.453
F R AO D AY AE D ,0
W ER G UW M ER L ,0
TH AH JH AA CH EH F ,0
AE JH AH D L ER G ,0
OW B R M R UH G ,2.74
P UW S T IY T IY ,0
EH G R M EY V IY ,0
AE G AY L Y AH L ,2.459
W ER S OY S OY DH ,3.29
P R T UH D L IY ,0
G AH V ER B OW N ,0
Z AY D AO Z L F ,2.121
EH T AE R D ER M ,0
R UW F AA P EY V ,0
NG K L V Y EH L ,0
L AA M ER IY AA D ,0
AE N IY K S AH NG ,0
EH R OY ER EY G AE ,0
B OY S AY L IY CH ,0
N AH T AY L UW K ,0
B OW G EH ZH ER D ,0
B Y AA B IH K AW ,0
M EY V AE F AO N ,0
AE K IH R L IY S ,0
EH DH IH JH IY ER K ,2.703
N AA L IY S AO NG ,0
ER AY AE D ER G IY ,0
W IY OW T ER D EY ,0
EH P UW AH D AE SH ,0
IH G EH R L EY N ,0
OY D R B IY P OW ,4.764
AE K SH ER CH AH M ,0
F OW D IH V UW G ,4.386
M EH S AH CH ER OY ,0
F ER P ER L JH OY ,0
AE G IY L G R AE ,0
P EH K W ER AA CH ,0
S L S OW T IH P ,0
T R IY L AO R K ,0
T AH TH R UW K IY ,0
OW P Y EH M SH IY ,2.607
EY K L Y UH R G ,2.695
S K ER OY N AA SH ,0
Y EH S W EH K S ,0
B L AE P OW B AE ,0
D AA P AH F L V ,0
M ER L OY AE R IY ,0
V OW V AE M AE NG ,0
OW P IH CH AE V EY ,0
SH IY L ER JH AA T ,0
P AH F IY V IH L ,0
AE T AH P EH G UW ,0
T IY OW P AH T OW ,0
F OY ER AY N AE P ,0
AA R L AE L UW D ,0
AA R OY AE M AA F ,0
V OY ER AE N UW Z ,1.952
V EH S OY N AE ZH ,0
EH TH AA V ER L T ,0
OW V AA G Y AO S ,0
T AY N OW N AY DH ,3.29
G OY N G Y EH F ,0
N IH JH AO NG K ER ,0
L UW EH B ER AE P ,0
AA M IY T ER N S ,0
S IY K AA L AW S ,0
P IY K M AY ER N ,0
B IY B IY B S ER ,0
JH UW K AH S UW F ,0
JH ER T EY K AW JH ,2.117
S AA S EY JH IH L ,0
HH AW D OW P IH K ,0
CH IH D ER IH K AW ,0
L EY DH R G IY S ,0
P EH D L D AE Z ,0
V EY M N K EY V ,2.74
B IY T UW D ER S ,0
AH N S L T IH SH ,0
K UW IH T UW AH D ,0
ER AY AH CH IY AE TH ,0
P AE R T UH R CH ,0
L EY G M IH M IY ,0
CH ER OY ER G ER TH ,0
S AY F IH B EY M ,0
T AA CH AE V IH G ,0
M IY CH EH F OW M ,0
ER JH IY AA P EY TH ,2.343
ER B L AA B OW N ,0
S IH R AE G UW G ,0
AE T EH K EH L EY ,0
P IY P AH DH ER CH ,0
IY K AA D UW AH G ,0
N AW T AA T AE JH ,0
B L OW M OW T ER ,0
AA R OW L IY EY K ,0
HH AA F OW K IY P ,0
HH IH G IH D IY OW ,0
G EY T OW L G IY ,0
B OY AH TH ER N Z ,0
AY T R AH F R K ,0
HH IH M UW EH DH ER ,2.436
V EY DH IH T AA Z ,0
EH G IY N UW T UW ,0
D AE L M ER AH NG ,0
EY K IH B OY L CH ,0
W AO N IH K IY V ,0
AA M AY ER AA R D ,0
HH AH K ER TH AH B ,0
F ER IY K AA R M ,0
D EH D ER EH B AE ,0
M ER JH AH CH ER B ,0
T EH T AY ER G AW ,0
F L T R AW T EY ,0
EH D AO L EY S ,0
EH D EH T R EY ,0
L OY K EH L CH ,0
ER K UH G B OY ,5.316
F AH G IY EY L ,0
OW JH AA L AY Z ,2.117
AH B EY L G AH ,0
S N Z AA N S ,0
AE Z EH SH EY N ,4.855
V AA SH AE SH ER ,0
D AH CH EH T AE ,0
G IH ZH IH CH OY ,6.295
G EH M N IH S ,2.74
S W ER T OY Z ,0
T IH N Y AE N ,0
AE D AA L G AW ,0
ER G N IH R UW ,0
V EH Z AY ER G ,0
IH K SH AH L S ,0
N UW P EH K T ,0
G UW D S N OY ,2.824
V EY K AE L CH ,0
TH R L M AA M ,0
T UW S AH SH ER ,0
M ER N F ER TH ,0
T ER K AE F UW ,2.434
IH R UH L S AE ,0
IH V ER JH EY M ,2.152
S AY AH T UH K ,0
HH ER G Y UW Z ,0
ER AY B R UW CH ,2.117
K IY N CH AA P ,0
ER K AW JH AA N ,2.117
L AW JH AH N T ,2.117
EH TH EH ZH ER L ,0
P EH M AH N T ,0
AO N UW D R M ,2.302
N UW P ER AE CH ,0
N AA L D AH NG ,0
M AO L EH M P ,0
M AA B EH L S ,0
EY L D AA K OW ,0
ER G R M AH F ,0
ER CH ER EY B AW ,0
SH M ER CH AH TH ,4.383
M AW AH V AA T ,0
K IY D IY ER IY ,0
AA R AA DH IH CH ,0
DH EH D OY T OW ,0
S IY AA R AW T ,0
TH ER K T AY T ,0
G ER EH V Y AH ,0
G AA B Z ER N ,0.958
K Y ER V EH L ,0
K EY SH AA N Z ,0
R EY K L AH K ,0
F IY AE M EY Z ,0
D R L HH IY DH ,3.209
W EY M F R OW ,0
N UW G N AW D ,0
R EH S OY N D ,0
IH L OW N AO N ,0
S T IY ER D AW ,0
G AE K R B OY ,0
P L AA D L IY ,0
S W EY S AH B ,0
AE N G R CH UW ,0
W AE SH ER IH N ,0
D R AE T AO N ,0
B R CH OW D AW ,2.18
HH AY M V EY G ,0
AA G IH L AY JH ,2.481
G L D AA F EY ,0
S AY JH AE F OY ,0
B UW S S L JH ,3.679
V EY G OW T AE ,0
TH R AA DH IY ER ,0
G L V EY V EY ,0
EH F N AO R AE ,2.627
L AW AH N AW L ,0
Z EH S CH AA TH ,0
Z AY L AW ER V ,0
IY G EY Z IY ER ,2.109
B AE G OY S AE ,0
F L OY L UH K ,0
M AW L T OW Z ,0
P ER D OW S IY ,0
ER M EH F AE B ,0
W ER F TH IH M ,2.337
B IH DH ER AA V ,0
V AA R B IH CH ,0
AH F UH K EY S ,2.434
AH F Y UW ZH ER ,0
AH P R N OW G ,0
B AH G M EY DH ,0
HH AH P IY JH IY ,0
K AY AH N AY F ,2.459
G EH V AH F EY ,0
B IY EH S IY L ,0
P AY IH K SH ER ,2.885
P L ER IH R S ,0
AO K EY P IH CH ,2.568
P UW D V AH TH ,0
JH UW ER B UH G ,0
B L ER D AA JH ,0
HH AY AE HH IY G ,3.209
K AY K N AW N ,2.459
S AA F OW G AW ,0
ER F IY AH L S ,0
EH K S IH B AW ,0
V IY AE P ER CH ,0
M IH G IY F T ,0
ER T OW T UH L ,0
ER N S L IH R ,0
D AH K UW IH B ,0
AA L EY JH AA S ,0
M IH ZH AH N ER ,0
M AW N D ER K ,0
EH G UW K AA JH ,0
AH G AA T AY S ,0
TH EY L D AA Z ,2.898
P AE G Z EH T ,0
OW TH AA R IH TH ,2.453
N IH R AA F EY ,0
IH R P S ER AH ,0
AA B EY D OW V ,0
B OY IH L AO L ,0
K AE L EH V AY ,0
AE V Y AE V AH ,0
R IH N ER AY F ,0
AO L S OY ER AH ,0
SH UH D W EH M ,2.361
JH AH P AY AH TH ,0
HH AA TH IH M P ,0
HH UH R L F OY ,0
AO R F ER G EY ,0
G AW L IH N T ,0
D AY M IY N D ,0
L EY V Y EH D ,0
S AE N K L T ,0
R EH V R SH IY ,0
B AA N V AA V ,0
IH D OW L K AW ,0
IH N M AE T AH ,2.481
L AY N V ER L ,0
EH B OY T R EY ,0
W ER N AW ER G ,0
Y ER L K EY JH ,0
W AE ER AA R V ,7.414
P L OY T AO L ,0
V AO S P IY N ,0
JH EH B EY ZH AH ,0
AE D AW T R AH ,0
AY S UW B L F ,0
ER L CH EH F AY ,0
W IY ER SH IH Z ,0
G R K IY SH AH ,0
P UW L AO R AH ,0
EH D AH JH AH NG ,0
IH M AE F HH IY ,3.209
L IY B ER B UW ,0
TH EH L IY AA P ,0
EH G Z ER AH NG ,0
W AE CH EY B UW ,2.152
M AH Z EH K UW ,0
IH V AW IY L S ,6.89
HH IH N CH IH F ,0
IH N AY M P AW ,0
B AA Z L UW ER ,0
Y UW B AE Z IY ,0
T AA R SH IY N ,0
L AW ER OY L JH ,0
B AO K OY IH N ,0
EH T IY F AY D ,0
ER JH ER D ER K ,0
AH Z ER F AA S ,2.703
AO L M V IY Z ,0
SH EH P AA L OY ,0
P ER P S L IY ,0
HH AY F AY ER OY ,0
ER EH D EY D AW ,0
F R AA T R JH ,0
ER AE N IY B OY ,0
JH IY P SH AE T ,0
T EH P ER AH SH ,0
F AE K N EY V ,0
B OY AH B D AH ,0
EH N D V AH D ,0
AO R EY D EH K ,0
B IY S IY Z ER ,0
ER S AY D L F ,0
W OW SH EH L OY ,0
ER SH AH NG G ER ,0
HH AE T IH N IY ,0
HH W AA CH AH NG ,0
B AH L EH P AE ,0
AO L Y AA P OW ,0
TH ER CH AA L M ,0
F IH D TH R OY ,5.304
D IH G ER AY T ,0
R EY G AA R OY ,0
IY K L SH EH L ,0
HH AO S ER F OY ,0
ER JH UW F EY CH ,0
HH IY TH IY B AY ,2.343
R IH Z M EH T ,0
AA L EY P IY Z ,0
CH IH Z IY N UW ,0
Y UW B IY AH N ,0
M AY N AH D EY ,0
P ER M OW P T ,0
HH OW B R T UW ,0
W AA R F EH K ,0
T EH B IY AH F ,0
L IY EY N UW ER ,0
ER B R D AY AH ,0
B AY B L AE N ,0
P EY DH IY AH S ,0
K L OW SH IY V ,0
EY JH AO S IH G ,2.109
B IH N ER B AH ,0
F L EY G L F ,0
JH IH B EH K AW ,0
G AE K AE N AH ,0
OW G ER IH TH ER ,2.568
ER UW AA S ER CH ,4.746
ER S AE P ER JH ,0
D R AE B AH P ,0
ER IH K L UW L ,0
S OW B S AO G ,0
G EY M F Y UW ,0
B AY M EY L AE ,0
ER B AA N S AW ,2.552
K IH P AA P EY ,0
ER G IH K IH TH ,0
EY N V AE V IY ,0
S L ER AY D ER ,0
SH AA P AE CH IY ,0
JH EH F Y AH S ,0
AE K W IY EY V ,0
L IY S AO R S ,0
ER AA V ER AA R ,0
ER IH S W EY D ,0
JH EH F EY L IY ,0
W IY B AY F T ,0
V AA G ER AA P ,0
JH AE G IY IH T ,2.154
AY T IY DH IH SH ,0
P R IY JH EH T ,0
F OW L D EY G ,0
ER JH OY ER AA T ,0
OW G R TH IY JH ,2.568
G EY DH AH P ER ,0
M ER IY S T AE ,0
P L G UW T IY ,0
F ER L UH G OW ,0
R IH CH AA V EY ,0
AO R SH AH F AY ,0
D EH B AA K T ,0
D UW G AH K EY ,0
B R S IY B IY ,0
EH N TH AA T OW ,0
M AO L G AE P ,0
JH IH B R V AY ,1.909
V IH K T IH TH ,0
R UW AH L IH L ,0
EH D EH G IY S ,0
IH G AA R OW Z ,0
K L AA HH IH F ,3.209
TH AH N M ER TH ,2.481
F R S F AH SH ,0
S W OW G AH G ,0
DH IY T AY AH V ,0
F AH L TH AA JH ,2.626
ER N AO R EY D ,0
N AA T ER SH EY ,2.152
G IY OW T EH K ,0
AH B IY T EY M ,0
G IH D UH L D ,0
W OW B D AH V ,0
AA G R OW L S ,0
M EY N AA R T ,0
SH EH T M IY F ,0
L UW B AY R AE ,0
D IH N IH V ER ,0
F IH R UW EH SH ,0
IH N K CH AH TH ,0
R AY K T AH P ,0
L IY JH UW V EY ,0
Y EH T IH D OW ,0
D AY AH Z L EY ,0
AE L AA R UW K ,0
AE B UW Y AE NG ,2.301
M AO R K M UW ,2.436
EH R UW F IH TH ,0
F AA P S M OW ,0
AY R AE T M P ,2.321
W EH F AE R UW ,0
V EH N SH ER V ,0
M IY L EH R B ,0
P OW S P AA G ,0
S IY DH EH DH IY ,0
K W AA P L OY ,0
L AA D IY EY D ,0
Z EH M SH AA M ,2.607
ER EY K N EH K ,0
CH AH M AA G IY ,0
HH IH N JH OY L ,0
AO R S K M IY ,0
JH ER EH K EH L ,0
B EY Z D V ER ,4.184
AE G R UW ER L ,0
S N AE CH AH CH ,0
S AO N S AE JH ,0
NG K AA P IY F ,0
AY K R UW D AH ,2.253
TH R B JH UH T ,2.54
K OY AH F AA NG ,0
M AY F AA N IY ,0
IH T OW L G EY ,0
R OY N G AW L ,0
EY Z EH T OY AH ,2.703
S EY S OY D AE ,0
JH IH L SH IY ER ,0
S EY L AE G IY ,0
G EH B N ER K ,2.412
F OY IH F EY Z ,0
M IH L S W EY ,0
S T UW ER AY M ,0
ER EY P AH M OW ,0
S W OW L OY L ,0
DH IY D IH L M ,0
D EH CH IY ER N ,0
IH S IH S AO G ,0
K AO L CH IH DH ,0
TH IY P AO S UW ,0
K UW EH TH IH L ,0
ER M ER K R CH ,0
AA TH EH F EY K ,0
OW N SH AE T ER ,0
G UW EY B AW ER ,0
P R UW M ER JH ,0
IY F OY T R AY ,0
R IY B JH AA F ,0
T IH D V IY P ,0
D OY Z ER SH AE ,0
AY S IY L M IY ,0
IH D R SH AA CH ,0
B L AW R IH JH ,0
ER M AE G IY V ,0
Y AH L IY G UW ,0
EH N Z B AH G ,1.967
M EY Z M B UW ,0
T UH R IH N D ,0
B OW K IY N Z ,0
AY R T R AY K ,2.321
K UW ER TH AH CH ,0
HH OW G IH L F ,0
D OY L EH Z ER ,0
ER B S M OW K ,0
P IY N AW S T ,0
OW N EH B EH V ,0
NG K S AH T UW ,0
B UW ER K EH G ,0
AE S AO N AH M ,0
Y EH N AY K IY ,0
N IH L G OW T ,0
AA B OW N AY Z ,0
EH JH UW G AO K ,0
EH K Y UW IH Z ,0
DH IY B L AA JH ,0
SH AA R OY AE B ,0
AE N SH IY AE V ,0
ER F OW V R N ,0
T UW M F ER OY ,0
V AH K L EY T ,0
HH UW S L IH G ,0
S AY B EH L S ,0
IY F OW G AH SH ,0
T IY P IH S T ,0
EY D M IY JH IY ,2.109
IH N G EY L M ,0
S EY N AW S K ,0
Z IH B AA B AE ,0
G Y AE P Y ER ,0
IH N AY AE D IY ,0
G EH D EY L AW ,0
AE G R OY Z IY ,0
W AH T EH Z ER ,0
N AO G OY AE G ,0
S IH P ER L AW ,0
CH AH F ER L UW ,0
F EY S OY ER K ,0
HH UW IY CH AE CH ,2.699
Y AE S OY K OW ,0
AO S IY SH AH G ,0
S EH T UW EY L ,0
P EH Z L EH SH ,0
G Y EH CH IY G ,0
AA S ER EY IH TH ,2.092
S AY ER S AA K ,0
ER N JH AO D OW ,0
OW F AH CH IY G ,2.429
S IY AA SH AE NG ,0
T ER AA K L V ,0
S W OW M AY T ,0
ER AE K OY ER V ,0
L AA Z AO L IY ,0
L AA TH IY OW M ,0
W AA G N AE R ,0
F IH M P N JH ,2.627
JH UW N K AW T ,0
P AY K AO L T ,0
AO S P UW F IY ,0
SH EH L V OW V ,0
HH EY S ER D ER ,0
Y AE D EY T OW ,0
AE JH OW V AY M ,2.18
F EH Z AA D AW ,0
K R P IY W AE ,2.301
N AH P ER N Z ,0
F IY SH ER IY K ,0
AO B UW L S ER ,2.564
AA G AH D IH CH ,0
AA B D IY EH SH ,0
AH L AE K IY D ,0
D AE T AY T AE ,0
AH K OW M OW M ,0
V EH L S L M ,0
B UH R AO L OW ,0
EH L T R SH AH ,0
AA M AE P AH V ,0
B ER AE P AO N ,0
ER AH TH AH B AE ,0
K AE B R T OW ,0
L AH SH AE DH IY ,0
T IH G R L CH ,0
W AH Z AY T UW ,0
SH UH D M ER L ,0
DH IH V AY K T ,0
IH T EY V AY F ,0
T IH G EY SH ER ,0
G AA SH AA NG K ,0
F EY Z ER L AY ,0
R IY IH P IY Z ,2.154
B R AH L EY T ,0
IH D UW B R D ,0
AH M AO K OW T ,0
M AA CH AH L AY ,0
G AW AH K AA R ,0
IH G EH ZH ER V ,0
AE K AE P ER TH ,0
OW L ER L EH F ,0
IH R S K EY V ,0
V AA JH AO T AE ,0
B AY Z EY K ER ,0
W IH K IY AH JH ,0
W AY AE N IH F ,0
N IH S T IH V ,0
EH JH IH M AO S ,0
R OY L F EH B ,0
B AY ER AE N JH ,0
W IH L V AA S ,0
R IY S P AE T ,0
S OY L EH M P ,0
G AH B L ER G ,0
G IH V IY B ER ,0
AE V R G IH B ,0
P Y EH G AH P ,0
IH L IY P AY S ,0
AH M EY D EY V ,0
ER JH UW B R AH ,0
AH F L K IY K ,0
AH CH ER D UW L ,0
D EH P AY L IY ,0
AA JH IY P EH K ,2.695
K AW N K UW S ,0
B AE F AE TH ER ,0
D ER K N UW L ,0
K AE D V EY L ,0
G W ER AH M P ,0
AE D AO R L F ,0
CH AH N K EY DH ,0
ER B AO K N S ,0
D AA L ER AE JH ,0
L AO L G OY Z ,0
AO S P AY F EY ,0
OW M AO B AH NG ,2.564
F N ER D EY N ,6.094
IH R S IH N CH ,0
G R F R EH K ,0
P IY AA DH EH M ,0
N IY AH W ER OY ,2.423
M AE S AY AE F ,0
SH AH CH EH B OY ,0
EY V R UW AH D ,0
CH AO G N UW Z ,2.069
AO R AE T EH P ,0
IH G AH DH ER T ,0
CH ER TH ER EY CH ,0
S AA SH AE K ER ,0
AE V IH B AW ER ,0
R EH R SH IY M ,0
AH F IH L K S ,0
ER P EH R AE TH ,0
JH IH N TH R T ,0
K EH R T AE DH ,0
S IY T AH M AH ,0
B IH SH AH S IY ,0
M AO S L AA NG ,0
S AA G Z L CH ,0
D AA NG K AA T ,0
K IY V ER G OW ,0
Y ER AH JH IY P ,0
V AA DH R IY G ,0
B AW N F AA R ,0
OW M AE G IH P ,0
ER K M F IY T ,0
N AE M B EY ,0
K AE R D UW ,0
P AA G OW S ,0
P AW L V EY ,0
L IH CH IY ER ,0
OW M IY V AY ,0
S OW T R AW ,0
JH EH TH AA M ,0
P AY D UW F ,0
F L G AO B ,2.564
D UW K L K ,1.742
ER AE Z L ER ,0
D AH G AH CH ,0
ER V AA G EY ,0
S ER SH ER V ,0
W AY K N OY ,0
B UW V IH NG ,0
D EY N EH SH ,0
CH AH N ER D ,0
ER M ER G EY ,0
AA N IY G AH ,0
HH AA R EH B ,0
JH AY M AA P ,2.562
AE NG K IY CH ,0
AE G AW D AW ,0
AH S OW K T ,0
JH UW EH R TH ,0
N AE P IH NG ,0
S ER B ER D ,0
F IY S IH G ,0
T AH G ER IY ,0
D UW IH R D ,0
R AE CH UH K ,0
D AO L M AH ,0
AO T OY G AA ,6.353
AA L T AH JH ,0
AY D L IH K ,0
AE K EY P SH ,7.155
ER EH B AW T ,0
IH T R CH ER ,0
P AA P EH D ,0
B AE M OY N ,2.436
AO L D IY N ,0
ER M IY AA JH ,0
V EY DH EH JH ,0
K UW S L F ,0
AH M IY V ER ,0
L IY K AA JH ,0
B AA K AW N ,0
V AO T ER G ,0
AH P AA B OW ,0
AA N Z EH M ,0
M AY AE M IY ,0
ER M EY Z AH ,0
F AE B IY L ,0
Z IH F R AH ,0
N AA SH AA NG ,0
G L F IY DH ,0
W AH JH AO L ,0
S ER AA M AH ,0
SH AA N TH ER ,0
K OW D F T ,3.448
AY S K L UW ,0
L UW D AO S ,0
JH AH L M OW ,0
T R F AY Z ,0
S EY L V IY ,0
N AW ER N T ,0
K EH Z AA T ,0
R AW S AE DH ,0
R AH B AE F ,0
N IH S OW S ,0
F EY L AO D ,0
HH EH N T IY ,0
B UW D IY P ,0
AE F IH Z IY ,0
OW N IH L IY ,0
AA R L ER CH ,0
AE NG G R TH ,0
F IH CH R G ,5.651
D IH B EH L ,0
V EH M AA D ,0
F AH K IY L ,0
K AW S M P ,0
OW M ER W AE ,2.423
M AH B EY S ,0
AH N OW AH S ,2.092
IH N G UW P ,0
ER AY N EH R ,0
IH N UW S UW ,0
F IY N IY S ,0
Y AE R B AY ,0
W AY B AA SH ,0
V AY D IH N ,0
ER AA S K AH ,0
CH AE G IY CH ,0
N IY S M ER ,0
Z EH T ER TH ,0
L ER TH IY Z ,2.461
Y AE F AE SH ,0
B ER AE N CH ,0
IY N T AE V ,2.139
K AO G AE S ,0
K AO N AY P ,0
AA M AA T OW ,0
AA S R UW F ,2.8
M IY S K S ,0
N IH M T OW ,2.607
R AY F EY L ,0
K EY M AW Z ,0
M EH M S OY ,5.785
ER K EH P T ,0
G AA R OW N ,0
AO R B AY B ,0
HH AH P AA V ,0
Y ER AH K T ,0
K IY G EY OW ,2.092
N OW S M ER ,0
AA N OW N UW ,0
AH K T IH SH ,0
D IY P L F ,0
S AA F IY V ,0
D AE G N OW ,0
F AE T IH F ,0
F IH JH IH N ,0
P R K OY N ,0
HH IH V AH S ,0
G L D OY D ,0
T ER B AH TH ,0
D IY AA DH IY ,0
D AY L IH L ,0
ER AO T IH D ,2.423
ER L AW AH F ,0
JH AA P Y AH ,0
D EH Z EH T ,0
B IH S EY T ,0
AE L AH K OW ,0
T IH B EH G ,0
AE N D IY L ,0
IY M P S ER ,0
AH L CH AA JH ,0
L AY R OY D ,0
TH EH K AH SH ,0
N UW B EY N ,0
K OW M ER JH ,0
SH IH T OW N ,0
HH AE B ER IY ,0
K OW G EH R ,0
HH EY K AA NG ,0
S M ER SH ER ,0
P OY D R CH ,0
D ER D IY N ,0
B EH G M ER ,0
AA N UW K AE ,0
L EH N OY D ,0
CH AA R UW V ,0
TH EH S AY K ,0
N AY N V IY ,0
M EY S M ER ,0
R OW S IY T ,0
N OY L K S ,0
R IH P EH NG ,1.747
B AO D L S ,0
IH L F AH CH ,0
ER K M F EY ,0
HH OW L K EY ,0
W OW V EH D ,0
V AE CH IH G ,0
L AE P IY K ,0
K R L ER CH ,0
AE B L AE ZH ,0
EY V ER AY D ,0
EH B R AW ER ,0
G W AY R K ,0
K EH Z AA SH ,0
AE M IY AE Z ,0
ER L G AA T ,0
G AE T AE SH ,0
IY V R G AW ,0
TH IH M AE T ,0
V ER S AY P ,0
Y AA JH AY N ,2.562
M P AY M P ,3.467
ER JH AE F UW ,2.434
HH EH SH IY SH ,3.086
TH IY F EH CH ,0
B UH R F IY ,0
IH K S IY TH ,2.343
AH P CH IY V ,0
OW B L V AO ,3.635
L OY T AA M ,0
EH P S T UW ,0
AH N D OW N ,0
L OY IH K AW ,0
D ER N IY CH ,0
L AY B AE B ,0
Y AE JH UW M ,0
V EY V AA G ,0
AE S F Y UW ,0
SH EH T UH D ,0
ER AY N IH L ,0
SH AH K OW P ,0
ER S F L CH ,0
D IY AH CH ER ,0
B L V EY D ,0
S P T AE G ,0
CH EH B IH P ,0
B EY L OW K ,0
Y ER SH EH P ,0
W IH L AA NG ,0
W ER V OW S ,0
D R AW N JH ,0
HH AE M ER G ,0
AE G N T IY ,0
P L EY CH AH ,2.854
AA P UH K AW ,0
B EH M B OW ,0
DH EH B R CH ,0
F EH P CH IY ,0
R IY CH EH R ,0
B AA TH N IY ,2.504
AE S OW N Z ,0
IH G IH V AH ,0
K R S AH NG ,0
D OW K AA S ,0
M EY V AA DH ,0
V ER SH IH SH ,0
P AH B R UW ,0
M IH N AA S ,0
T UH R AH M ,0
N AO D AW T ,0
AA R B AE D ,0
D AW ER AY L ,0
D EY P EH S ,0
EY L UW B EY ,0
IH R S EH D ,0
F AH S K AW ,0
DH IY M P AH ,2.064
AA S AA N CH ,0
AA G N UW V ,0
M EY CH ER V ,0
B EH K AO D ,0
Y AA CH AA Z ,0
P AY B ER G ,0
M ER AA N AH ,0
F EH F R IY ,0
B EH P AO N ,0
M EH T ER IY ,0
OW L EH D AW ,0
B OY AH N UW ,0
JH AH V IH ZH ,0
V OW P ER TH ,0
N AH N SH IY ,0
W IY P L S ,0
K EH R AA L ,0
AA S M IH D ,0
HH ER D W OW ,2.361
SH OW P SH AE ,2.18
AH F L UW D ,0
IY M IH G AW ,0
K EH D OW P ,0
S ER AY P AW ,0
AY M EY B OY ,2.321
Y AH M P AE ,0
AE M EH L T ,0
S P AA R M ,0
IH R D R EY ,0
S OY T AH T ,0
K UW ER AA S ,0
P AA R K AE ,0
AE R JH OY N ,0
D EY Z EH CH ,0
L EY V ER ER ,3.306
W IH Z EY N ,0
AO S ER AE D ,0
P UW G EH SH ,0
P UW EY S T ,0
N EH G R N ,0
R IY N IY K ,0
P AE TH R JH ,0
K L ER N UW ,0
G UW M Y UW ,0
R UW M IY G ,0
SH IY T EY CH ,0
JH ER AE R AW ,0
F L G N JH ,0
ER JH UW V ER ,0
S AY L AO T ,0
W ER AH P T ,0
ER AY D AE B ,0
EY L T AA JH ,0
AA B S AA G ,0
AH M ER B AA ,3.635
ER AH Z N IY ,2.163
G IY N UW T ,0
B R D W ER ,2.361
T AE S UW ER ,0
AH CH EH ZH ER ,0
R AH SH EH M ,0
V IY L AA JH ,0
IY F R IY Z ,0
S UW F L F ,0
TH AE R IH NG ,3.101
K AA L CH ER ,0
P EY M AA Z ,0
T UW P EH T ,0
L UW D ER G ,0
G AO N OW P ,0
HH UW B OY K ,0
ER M F EH N ,0
ER EY Z IY T ,0
Z EH B AY V ,0
P L Y AE K ,0
S N JH UW K ,0
L IH F T AH ,0
HH Y UH SH AE ,0
V AA K AA TH ,0
OW N V AY M ,0
V EH P R N ,0
ER IH L AH NG ,0
S OY L IY T ,0
B UH K OY N ,0
AY L SH IY M ,2.321
AE P SH AE V ,0
S EY V OW D ,0
AH K L IH M ,0
L EH P IH SH ,0
S K EH V AE ,3.147
EH R S L AY ,0
V AH G EY K ,0
W IY G IH CH ,0
R IY AH G EY ,0
R AH B AH L ,0
EH F EY D ER ,0
Z EH D L OY ,0
IH T ER IY L ,0
ER EY D AE S ,0
HH AW L K T ,0
B UW K AW R ,0
K ER N OW D ,0
AA G OW P T ,0
G IH DH R OY ,0
K AE K N CH ,0
ER EH V AE M ,0
K OW Z EY G ,0
F IH R IH S ,0
D AE TH ER S ,0
F AH T AY S ,0
EY G EH NG S ,6.417
B UW SH IH JH ,0
T UW B ER AH ,0
AH CH AH L AE ,0
S T W AY F ,0
B IY P L S ,0
B EY JH ER TH ,0
G EY DH EH K ,0
K AH F T UW ,0
IH F IY D ER ,0
S N OW P IY ,0
B R AA L OY ,0
S F EH TH IY ,2.084
D ER AH N ER ,0
AA F AA DH IY ,0
K Y UH SH UW ,2.194
EH S N AE G ,0
DH EH M B OW ,0
K AE D UW N ,0
M ER P T OW ,0
JH IY CH AH V ,0
B UW IH R K ,0
OW V AY B AW ,0
AA B ER V AH ,0
G AH S N OY ,0
B UW D IH L ,0
W AE Z IH V ,0
V EY S K OY ,0
Z AE D IH CH ,2.18
W AY B EY T ,0
D AE SH ER M ,0
K T AY P ER ,3.784
F L IH R CH ,0
TH ER K AH NG ,0
EH P L Y ER ,0
N IH K L M ,0
S EY L OY ER ,0
EY L CH IH G ,0
L AH V ER B ,0
HH AE Z M AH ,0
T R IY AH M ,0
ER EY N EH L ,0
EH N AE B AW ,0
N OY S IY P ,0
OW P IY JH OY ,0
L IH S AA K ,0
ER M ER AA CH ,0
S L AE L AE ,0
AH G EH JH ER ,0
AE R UW S ER ,0
AA P T IY F ,0
G AE L Y AH ,0
ER IH F R G ,2.695
IH K D AA NG ,3.942
HH UW F IY M ,0
AH P AH T AE ,0
L UW ER AA K ,0
W EH L AY F ,0
AA G M EY N ,0
N AO L UW D ,0
ER AE TH IH F ,0
HH UW L AW S ,0
HH AH F Y ER ,0
L EH R SH IY ,0
D OW M OW N ,0
V EH K AH M ,0
G UW T L OY ,2.111
AE V OW L UW ,0
EY N S L D ,0
EH K AH L AW ,0
R AH K EY CH ,0
Y EH S AH JH ,0
HH UW N EH M ,0
T OY L CH ER ,0
ER B AO G AW ,0
B OW IY L AE ,4.977
CH IY AE L IY ,0
P OW TH ER CH ,2.453
S AH TH AA L ,0
T EH D R AE ,0
B UW N AE SH ,0
R AH F OY N ,0
IH G R EH N ,0
EH B AE JH OY ,0
G AW R UH S ,2.54
Y ER T AY P ,0
Z OW S EY D ,2.367
AA S T UW L ,0
B EH P UW G ,0
L AA R M AH ,0
Y AH N AH K ,0
L UH K S IY ,0
SH AE K UW N ,0
L UW D AH G ,0
L AA K AE G ,0
B R L AA T ,0
M OW D EY F ,2.429
S N F AO L ,0
AH T R IH CH ,0
B R L K ER ,0
AY D AY R OY ,0
V OW T AE D ,0
SH AA N UH L ,0
S N ER AY JH ,2.481
DH AE K R T ,3.101
ER F AE JH IY ,0
F ER L IH JH ,0
L AH G G EY ,3.956
AA L AE Z IY ,0
AA M ER L CH ,0
HH AE JH R UW ,2.956
AY S N OY Z ,0
F L AH G AE ,0
L EH DH IY JH ,0
EH F EH L F ,0
IY K AA P AE ,0
T OW T AY ER ,0
AE L UH G EY ,0
HH IH Z EH R ,0
P L S N TH ,0
K IY F Y ER ,0
S AO S IH F ,0
B AE L UH L ,0
HH UW G Z AO ,3.635
S UW V EH P ,0
CH AA K ER AE ,2.806
R IH DH ER K ,0
SH ER D R D ,2.278
HH AH JH AO D ,0
G Y EH G AE ,0
M ER EH G EY ,0
M AO Z AA ZH ,3.937
EH L AY IH TH ,2.885
N AH G AE JH ,0
AA N AY ER M ,0
IH G IY D AH ,0
ER AA G UW S ,0
F EH B AH TH ,0
K EY V IY AH ,0
JH IY ZH AH D ,0
K ER AE G AH ,0
N OY S L F ,0
G UW G L D ,0
F OW G R AH ,0
OW D IH D EY ,2.203
IY V IH R T ,0
R OW K AA NG ,0
B EY K IY S ,0
D ER IH V EY ,0
ER AH JH UH R ,0
AE P ER IY AH ,0
F AY M AY ER ,0
B OW B UW K ,0
N UH R L AW ,0
OW M EH R EY ,0
HH ER TH IH N ,0
S M EH JH ER ,0
S IY T IY M ,0
IH R ER AH S ,2.393
SH IY JH AH S ,0
TH IY K EY L ,0
JH IY T UH L ,0
T AA R AE B ,0
T AO N EY CH ,0
ER IH D EH G ,0
F OY T AA NG ,0
T EH K AH P ,0
Y AA L AE JH ,0
IH NG K AE V ,0
K R G R UW ,0
K ER K L OY ,0
F EH N K AW ,0
AA D V AY P ,0
SH ER K UW V ,2.278
IH G R D AW ,0
S IY G N D ,0
V EY CH ER JH ,0
Y UW SH IY DH ,0
S L G M OW ,0
AE V AE D OW ,0
IY K L F OY ,0
AE T M IY AH ,0
F R G IY L ,0
JH UW P AE DH ,0
F L AA D EY ,0
SH AH N P AW ,2.526
L AW L EH M ,0
IH D R UW M ,0
M Y AH D ER ,0
N AE S ER G ,0
EY M B L EY ,0
AH K L AY L ,0
M EY L AA M ,0
ER T IH P T ,0
T R K AA T ,0
N OY IH DH IY ,0
V AH K T IY ,0
S OW Z M T ,2.607
AA S IH N UW ,0
AA M Z EY L ,3.565
B R OY AE Z ,0
ER K SH IH CH ,0
R EY DH ER T ,0
TH R B JH ER ,0
ER S L F ER ,0
Y AA R OW T ,0
S EH K AA TH ,0
P OW D L AW ,0
B ER V EY V ,0
IH L CH AE T ,0
AE R S EH JH ,0
AO S AE B AH ,0
N UW P ER TH ,0
IH T IH K UW ,0
P AY ER AE N ,0
B L CH ER B ,0
K W IY AO N ,2.277
JH AH DH R IY ,0
S N ER AE TH ,0
EY N OW B ER ,0
AA G IH P UW ,0
IH L F IY M ,0
IH D ER AE R ,0
F EH N T EY ,0
Y AE B AW N ,0
D R K AW L ,0
AA K AE G ,0
D IH L S ,0
AH D AO N ,0
AA G EY T ,0
EH D IH K ,0
S OW B EY ,0
HH IY CH UW ,0
IH D UW L ,0
S ER P UW ,0
B IY AA P ,0
AH K SH AE ,0
AE V R TH ,0
S OY IH S ,0
EH S AA P ,0
AH F AA D ,0
JH UH K IY ,0
B L AA SH ,0
V AY AE T ,0
ER T AH G ,0
K EH K S ,0
S ER AH S ,0
G UW L CH ,0
HH UW S UW ,0
P ER B S ,2.263
ER V AO N ,0
AH K N OY ,0
L AY D IY ,0
AE P IH G ,0
AE S AA NG ,0
G Y ER AE ,2.806
EY N IH S ,0
SH EH G EY ,0
M AA T UW ,0
AA F AE B ,0
AH G N Z ,0
F UW L S ,2.434
ER S F EY ,0
ER SH AE SH ,0
L EH TH IY ,0
EH D AE V ,0
AE T AY L ,0
JH AE R TH ,0
AH S IY B ,2.51
P AA Z AH ,0
R AE N OW ,0
AH L AH P ,0
K Y AE TH ,0
OW B R OY ,0
K R AE B ,0
S L IH S ,0
ER JH AO T ,0
D IY V EY ,0
AE N IY CH ,0
Y AO K S ,0
AO T AE NG ,0
N IY K AW ,0
AO G AA T ,2.568
AO S OY Z ,0
S T EY G ,0
CH IH B OY ,0
Y UW EH R ,0
EH F AA CH ,0
AW R AO F ,5.797
K IY P S ,0
S L Y ER ,0
ER JH AH NG ,0
G AA R CH ,0
N IY EY G ,0
OY S S AH ,6.505
V EH R S ,0
V ER EH N ,0
TH IY K IY ,0
D AY AH JH ,0
AA M EH R ,0
V AY N T ,0
AH F IY AH ,0
AE G AA JH ,0
ER L R K ,2.74
N AW Z IY ,0
AA K IH T ,0
Y EH ZH AH ,0
D AA D OW ,0
B R B AW ,0
N EY P AY ,0
ER TH IH B ,0
IY V AA JH ,0
D AW R B ,0
F R SH ER ,0
L AA N TH ,0
F AE L AH ,0
T EY L ER ,0
AA P OW S ,0
IH M AA N ,0
D R AE M ,0
ER S K S ,0
CH IY P AW ,0
M ER AE M ,0
HH AE G EY ,0
AA D ER D ,0
P IY EY Z ,0
AY Z ER JH ,2.703
Z AY D EY ,0
T IY K AE ,0
T R OY T ,0
F ER G UW ,0
AH S F EY ,0
EH P OW Z ,0
AE P OW G ,0
SH IY B OW ,0
R AH L AE ,0
AA L F T ,0
AH B OW N ,0
K W EH B ,0
EH R EY S ,0
TH R SH IY ,0
M AE CH IY ,0
R UW IH L ,0
AY B AH NG ,2.283
B AA D OW ,0
W ER K S ,0
TH IH SH AE ,0
T R UW D ,0
AH HH AA M ,3.209
IH L AE CH ,0
OW D IH DH ,2.203
R AA S AE ,0
ER AA L S ,0
EH F R S ,0
AY K AW T ,2.253
AH G L V ,0
ER K SH IY ,0
M IY AO B ,4.841
G AE ZH ER ,0
V IH L UW ,0
CH EH CH IY ,0
R AO K UW ,0
AA N AE ZH ,0
Y AO K AE ,0
Y AA T AH ,0
M IY B OW ,0
S EH L IY ,0
N AE P ER ,0
Y UH R AH ,0
S W AA K ,0
T UW AH K ,0
M EY D AW ,0
S T AA SH ,0
AY T UH D ,0
TH AH M AW ,2.983
S ER EY N ,0
TH IY ER D ,0
G R AY AH ,0
T ER CH ER ,0
D UW B OY ,0
AH K ER S ,0
CH AA R AY ,0
M AA R OY ,0
R IY ER CH ,0
N OW N JH ,0
P R AO T ,0
M EY AH T ,2.092
L UH D AH ,0
AH CH IH NG ,0
D R AE D ,0
ER B ER TH ,0
G EH L F ,0
TH R EH G ,0
P EY P AW ,0
S T AE B ,0
S EH T AW ,2.552
AH P ER JH ,0
P OW P OY ,0
AH P OY D ,0
AH M EH S ,0
Y ER AA R ,0
P EY M UW ,2.436
AE K AO D ,0
D OY AH L ,0
IH F IH JH ,0
F ER N CH ,0
EH R IY AH ,0
HH ER IH P ,0
IY M EH S ,0
W OW B IY ,0
G AE DH ER ,0
V AE T UW ,0
S EY L AY ,0
IH P CH ER ,2.283
L EH R CH ,0
S IH B AH ,0
TH ER S UW ,0
AH G M AH ,0
AO HH IY Z ,5.266
W AH M EY ,3.078
R UW EY Z ,0
CH EH T IY ,0
AE K M F ,2.63
N AW N D ,0
IH R AO NG ,0
ER W EY D ,2.423
HH ER IY CH ,0
EH R AA CH ,0
EH S AE L ,0
V AA V IY ,0
V AY AA P ,2.544
IH L JH ER ,0
P OW N D ,0
AY T UW ER ,0
S L IY T ,0
T OW B EY ,0
M IY AE P ,0
AH M AH SH ,0
CH IY ER AH ,0
S M IH DH ,0
S W EH G ,0
JH EH R N ,0
T OY IH JH ,0
F AY R OW ,0
ER L IY N ,0
F L AA D ,0
Z AY K S ,0
K AE ZH ER ,0
T ER B AH ,0
L IH M ER ,0
G L AY ER ,0
L AO L OY ,0
S K L OY ,0
N AA L JH ,0
AE B Y UW ,0
AE B Y ER ,0
L IH T UW ,0
Y AA R UW ,0
AA D UW CH ,2.117
T ER N OY ,0
T OY IH ZH ,0
P AY L D ,0
AE JH ER V ,0
AA N AH M ,0
G IY D AH ,0
ER F AE TH ,0
R OW G AW ,0
B R UW D ,0
EH S AO D ,0
V EH M OW ,0
IY F Y UW ,0
AA TH EH K ,0
AH G ER NG ,3.58
F EH N TH ,0
AH T EH M ,0
AA B IH P ,0
F R EY D ,0
P AY P AE ,0
T IY ER OY ,0
S UW B EY ,0
AE SH AH SH ,2.557
Y EH N AH ,0
ER M IH L ,0
IH S AY K ,0
JH IY V EY ,0
K AA G IY ,0
T OY N OW ,0
B R G OY ,0
HH IY P UW ,0
AE T AO N ,0
ER F IY AH ,0
P AY P ER ,0
G W EY Z ,0
AA L AW L ,0
M IY HH EY ,3.209
W ER IY JH ,0
AO L AE P ,0
AE T AA V ,0
AE T OY TH ,3.29
HH W ER JH ,0
ER IY ER L ,0
L IY V EY ,0
ER EY D AE ,0
AE B AH D ,0
TH R G AH ,0
S W ER S ,0
T UW AH TH ,0
EH D AA N ,0
V AE V AH ,0
AH B EH NG ,1.747
B AO R AW ,0
ER G IY AH ,0
SH AA D IY ,0
OW N CH IY ,0
R IY B AE ,0
R IH V AH ,0
ER L CH IY ,0
AH T AO NG ,0
JH AE T AE ,0
IH G R UW ,0
EY N IH SH ,0
S M B OW ,0
AH L OW T ,0
OW S T UW ,2.382
AE R OY Z ,0
ER AY R EY ,0
S AO G ER ,0
AY T EH CH ,0
T UW AH B ,0
AO S P AE ,0
EY T AE L ,0
ER K OW N ,0
AA S AE DH ,0
EY K W EY ,0
G OW Z AH ,0
D R K ER ,0
N AO L M ,0
D AA T AE ,0
ER N EY T ,0
F EH L CH ,0
EH V EY T ,0
R AY T EY ,0
L IH L D ,0
TH R EH M ,0
HH IH N OY ,0
OW L UW ER ,0
IH D IH N ,0
M IY S ER ,0
W AA P EY ,0
AE R L AW ,0
K R T OW ,0
M AO T ER ,0
TH ER AY T ,0
AA W EH V ,5.153
P EY D EY ,0
R AW ER M ,0
SH AA N S ,0
D R L JH ,0
Y AA TH ER ,0
G W EY M ,0
Y ER AE T ,0
G Y AO L ,0
V EH N S ,0
AE TH EH TH ,0
IH TH IH V ,2.114
SH IY P OW ,0
L OY T AW ,2.552
K R AA ZH ,1.816
AO S AH SH ,0
AH N IH G ,0
T IY D AE ,0
D AW AH JH ,0
S L IY OW ,0
F R L IY ,0
L OW L AY ,0
AA R IY CH ,0
ER S AE S ,0
Y ER IY S ,0
ER F IH CH ,0
AE T R D ,0
IH SH AE M ,2.053
Z IH P IY ,0
G W IH NG ,0
AH K IH Z ,0
ER IY ER B ,0
AO S EY G ,0
B EH S OW ,0
EH JH AA T ,0
K L K OY ,0
EH D UW ER ,0
ER AA CH ER ,0
IH G L AH ,0
B R AE DH ,0
B ER CH UW ,0
B ER P UW ,0
L AO N CH ,0
EH F EY M ,0
B EY P EY ,0
P IH G AE ,0
M AW T ER ,0
W IH K AE ,0
IH N F UW ,2.434
Y IY IH V ,4.308
F AH JH IY ,0
IH B AY K ,2.283
D ER AA TH ,0
R AW N OY ,0
AE G L M ,0
JH UW SH AH ,0
TH IY EH G ,0
N UW IH R ,0
T AH DH ER ,0
TH R EY N ,0
AA B AA SH ,0
EH F AE NG ,0
AE L F OW ,3.147
IH T IH JH ,0
EY M AE B ,0
JH OY S UW ,0
HH AH V IY ,0
L OY NG S ,5.371
AO S AE JH ,0
IY F IY JH ,0
P EH SH IY ,0
N IY K AW ,0
T OY K IY ,0
AA K IH P ,0
AH TH EH R ,0
L IY D AE ,0
T AH D AH ,0
D AW ER OY ,0
P OW N OW ,0
IH K L UW ,0
ER AA P OW ,0
B UW AA T ,2.323
AE N S IY ,0
IY K EH L ,0
AE R B UW ,0
N OW AH L ,2.092
V EY AH NG ,2.092
AY D AA P ,0
R IH S UW ,0
D OW L T ,0
DH IH B AW ,0
G W ER IY ,0
TH AH Z IY ,0
S W AA K ,0
D AE L CH ,0
Z EH M OW ,0
OW TH AE S ,5.554
W AA CH IY ,0
IH F ER CH ,0
AO T R JH ,0
T EY P S ,0
N IH D ER ,0
L OW T EY ,0
AA G OW L ,0
OW V AH K ,0
TH R AH JH ,0
G UW G UW ,0
EH TH ER V ,0
F R AH TH ,0
AA B EH N ,0
JH ER M ER ,0
D AH AA K ,5.416
CH IH V IY ,0
N AY AE CH ,0
AH M EH D ,0
B OY AH D ,0
EY K R UW ,0
TH IY AA N ,0
R AH B AH ,0
F L K S ,0
DH EH R OW ,0
P L EH F ,0
B L EH CH ,0
AE D R G ,2.695
T OY AH TH ,0
P L AO NG ,0
B ER AA K ,0
Y ER G IY ,0
ER L AH K ,0
ER F AY T ,0
AH JH AA B ,0
G R B OW ,0
AO L L AO ,6.375
L AA R K ,0
L IY D OW ,0
B AE S AH ,0
V IY EY CH ,0
IH S AY D ,0
B L W AH ,2.892
S AY R OW ,0
G AA N Z ,0
AO S UW D ,0
V Y AA L ,0
SH AA L JH ,0
AE N K S ,0
EH S IY R ,2.417
AE D AA DH ,0
AH F AO G ,0
AE N AE V ,0
P ER EY D ,0
R OW N S ,0
AO S F T ,0
W AO G OY ,0
IH L IH S ,0
SH EH P S ,0
SH AH B AE ,0
R AH L P ,2.526
AA S N Z ,0
V IH L JH ,0
EH T EH S ,0
AO S AH D ,0
AA P IH M ,0
AH SH AH K ,0
AH B L CH ,0
AA G EY P ,0
Z AY AH P ,0
Z UW EY D ,1.952
L AH N IY ,0
OW L EH L ,0
EY L AH TH ,0
HH AW IH B ,2.885
G IY DH ER ,0
S N ER S ,0
N EH JH OY ,0
HH AO L M ,0
T OY IH F ,0
S M AA V ,0
ER K L EY ,0
N AO L ,0
P UW ZH ,3.086
AE V IY ,0
EY L V ,0
K R T ,0
F AA Z ,0
IH L AW ,0
R OY Z ,0
R IH T ,0
V EY Z ,0
AH NG TH ,2.561
OW P OY ,0
SH EH CH ,0
W IH Z ,0
G UW K ,0
V EY T ,0
L AY F ,0
L IY K ,0
AA G AW ,0
K R S ,0
HH AH M ,0
T IY S ,0
JH AA B ,0
ER L IY ,0
CH AH B ,0
Y ER N ,0
OW L AE ,0
T IH SH ,0
Y EH D ,0
K R V ,1.909
EY L OW ,0
CH OW T ,2.18
M AH L ,0
M AO S ,0
V EY D ,0
G R K ,0
M EH G ,0
TH ER AE ,2.806
R AA F ,0
HH AA B ,0
SH IY G ,0
DH IH M ,0
EY L V ,0
K AO L ,0
W OW CH ,2.117
M ER IY ,0
AH CH IY ,0
P EY N ,0
T R AE ,0
AH K OW ,0
B AW L ,0
CH ER CH ,0
W IH CH ,0
ER EH B ,0
SH AH CH ,0
S IY P ,0
N AY B ,0
B IH P ,0
N UW N ,0
JH UW P ,0
M AO S ,0
N AH L ,0
IY K IY ,0
S L T ,0
W ER V ,0
B AA B ,0
D AE M ,0
AA K IY ,0
ER F T ,0
ER AY P ,0
R UW T ,0
CH OW M ,2.18
S AH G ,0
Y AE SH ,0
HH UH L ,0
R EH M ,0
OW P OW ,0
AO T ER ,0
M Y AE ,2.22
V EH SH ,0
P L OY ,0
F OW G ,0
EY L T ,0
B AE L ,0
JH ER CH ,0
CH IH B ,0
N OY N ,0
AH B AY ,0
S UW P ,0
AH S ER ,0
B AA V ,0
R IH ZH ,0
S UW L ,0
K EH R ,0
DH IH S ,0
AH CH IY ,0
ER S ER ,0
P IY M ,0
ER AY OW ,2.281
P EH M ,0
S AE Z ,0
SH EY M ,2.152
S IH P ,0
M EY V ,0
CH ER OY ,0
SH IY N ,0
K AO R ,0
K IH G ,0
W AH T ,0
P UW K ,0
N AA G ,0
SH AE T ,0
T EH F ,0
K AO G ,0
K R AE ,0
EH G AH ,0
IH N T ,0
DH IY P ,0
S AE M ,0
L AW Z ,0
ER SH AH ,0
M AH CH ,0
B AA N ,0
S T UW ,0
M AA F ,0
AO R T ,0
M AH T ,0
T ER N ,0
EY ZH AH ,2.703
B IH CH ,0
Y EH G ,0
G AA S ,0
ER AA S ,0
K L S ,0
AE K ER ,0
B IY OW ,0
EY L V ,0
JH AH CH ,0
Y ER CH ,0
N AA K ,0
R AH D ,0
D IH G ,0
V EY G ,0
P IY DH ,0
G ER T ,0
N IH SH ,0
JH UH G ,0
D OY D ,0
R EY DH ,0
W OW D ,0
D EY Z ,0
TH EH TH ,0
EH V AH ,0
EH CH ER ,2.557
W OW D ,0
R AW JH ,2.117
F EY V ,0
S AA TH ,0
T W EY ,0
AE K OY ,0
R IH M ,0
Z EH K ,0
CH IY T ,0
T AE N ,0
IY K EY ,0
AA R IY ,0
G IH K ,0
G EY V ,0
W EH K ,0
T R M ,0
AE R AE ,0
P AE NG ,0
K W EY ,0
DH IH K ,0
W OW V ,0
F AY ER ,0
TH IH M ,0
EY V IY ,0
N IH F ,0
F OW P ,0
P R D ,0
W IY V ,0
B AH L ,0
P AH T ,0
B EH S ,0
JH AE B ,0
F AE N ,0
JH UH R ,0
S ER L ,0
S EY L ,0
M AA M ,0
N IH ZH ,0
L UH D ,0
SH IH N ,0
K AA G ,0
S L AH ,0
R AY L ,0
Z IH B ,0
K EY JH ,0
V AE Z ,0
S K EY ,0
EH S AE ,0
HH UW Z ,0
T AE B ,0
L AY V ,0
ER K AE ,0
M AA CH ,0
T EH N ,0
AH P UW ,0
D OW Z ,0
AA B OY ,0
R AA P ,0
EY T ER ,0
EY L UW ,0
N AO N ,0
D R B ,0
D AA R ,0
AE R OY ,0
CH AA P ,0
S OW G ,0
L UH D ,0
ER M P ,0
HH OY T ,0
ER N AH ,0
R OW P ,0
B OW P ,0
AE V AH ,0
V AA TH ,0
K AA S ,0
L IY AH ,0
S IH B ,0
B UH D ,0
P Y ER ,0
OW P UW ,0
ER L K ,1.742
AE R D ,0
B UH G ,0
OW P UW ,0
F L T ,0
S L OY ,0
ER G IY ,0
G IH Z ,0
F L AE ,0
F R JH ,0
M EH SH ,0
AE S AE ,0
ER IY DH ,0
K AO M ,2.564
D AA N ,0
SH AA NG ,0
ER S UW ,0
OW P AY ,0
L AA N ,0
EY M P ,0
M IY Z ,0
AE R T ,0
N IY NG ,3.607
P ER OY ,0
R EH L ,0
DH IY V ,0
TH AA R ,2.345
ER AA F ,0
S P AW ,0
Y EH JH ,0
AE L D ,0
G OW S ,0
IH V AY ,0
G IH L ,0
B UH L ,0
Z AE D ,2.18
L AA Z ,0
F AA F ,0
EH L V ,0
M IH T ,0
AA K UW ,0
F OW G ,0
L EY G ,0
G EH G ,0
P AE R ,0
K R TH ,0
R AO NG ,0
R OW Z ,0
D AE P ,0
F AH L ,0
ER AA M ,0
F L AW ,0
K EH TH ,0
R OY L ,0
L IH K ,0
HH IY D ,0
M ER OY ,0
M AH SH ,0
JH UW Z ,0
ER IY DH ,0
HH ER G ,0
K IH B ,0
S AA N ,0
AE L T ,0
D UH L ,0
D AW ER ,0
EY L AO ,3.635
L AA F ,0
P UW F ,0
AY S IY ,0
F AE ZH ,0
D AA DH ,0
G R AE ,0
G ER OY ,0
T R OY ,0
R EH M ,0
W AY K ,0
M IY M ,0
G ER T ,0
S AH B ,0
EH N CH ,0
F L N ,2.74
M ER IY ,0
AE N T ,0
ER UW S ,2.423
ER L V ,0
L AH G ,0
AH N JH ,0
K AW L ,0
B IH ZH ,0
M AO T ,0
D AY V ,0
K AE TH ,0
TH EH F ,0
R AA M ,0
T IH P ,0
T AH B ,0
EH N UW ,0
G IH SH ,0
V IH SH ,0
F AA R ,0
AE T UW ,0
ER D AE ,0
AA S EY ,0
IH T AH ,0
B EY JH ,0
EH F EY ,0
T AE ZH ,0
CH EH S ,0
V OW P ,0
R AE TH ,0
V ER AH ,0
HH AE L ,0
HH EY V ,0
AH F T ,0
V AE S ,0
DH IH R ,0
OW D IY ,2.203
NG AE D ,4.087
SH IH L ,0
IH R N ,0
G R TH ,0
IH R D ,0
CH IH G ,0
EY L ER ,0
IH R AW ,0
G EH V ,0
V AA P ,0
T OW ,0
AE S ,0
G IY ,0
AE G ,0
TH IY ,0
AO L ,0
IH N ,0
D ER ,0
AY S ,0
Y AH ,0
K ER ,0
EY K ,0
W OW ,0
HH OW ,0
HH IY ,0
G AW ,0
K EY ,0
HH ER ,0
V ER ,0
P EY ,0
M IY ,0
D UW ,0
D AE ,0
K AE ,0
L EY ,0
G EY ,0
S IY ,0
EH B ,0
EH L ,0
G IY ,0
T UW ,0
JH OY ,0
ER OY ,0
ER TH ,0
AA JH ,2.695
AH P ,0
AY D ,0
IH N ,0
EH L ,0
EH N ,0
AA K ,0
T IY ,0
IH K ,0
R OW ,0
P Y ,4.897
AE S ,0
V AH ,0
P AE ,0
P EY ,0
M IY ,0
IH NG ,0
S EY ,0
AH B ,0
EH TH ,0
V ER ,0
V AH ,0
T IY ,0
G ,0
AH ,0
